mean,Standard deviation
142.85714285714286,58.86407726140566
