mean,Standard deviation
126.4,37.913585955432914
276.0,100.32746383717671
126.4,37.913585955432914
