mean,Standard deviation
177.88,36.13620898766222
291.68,65.62238642414646
192.84,41.18269539503213
