mean,Standard deviation
967.3333333333334,16.779617264870957
1005.0,0.0
