mean,sd
-52.0,19.79898987322333
20.333333333333332,3.6817870057290873
0.0,0.0
