mean,Standard deviation
20.6,5.10294032886923
22.6,4.223742416388575
25.6,2.973213749463701
