mean,sd
-59.0,17.146428199482248
24.0,0.816496580927726
0.0,0.0
