mean,sd
-80.0,17.146428199482248
-6.666666666666667,4.189935029992179
0.0,0.0
