mean,Standard deviation
23.7,4.337049688440288
-2.9,8.50235261559999
23.6,4.983974317750844
17.8,7.520638270785266
