mean,Standard deviation
14.7,7.430343195303969
14.8,10.618851161966628
