mean,Standard deviation
6.142857142857143,15.037368419360877
